Link Name,Target URL,Full UTM URL
GitHub README Built with Silmari → cloudsecurity-repo,https://agentfield.ai/github/cloudsecurity/,https://agentfield.ai/github/cloudsecurity/?utm_source=github-readme&utm_campaign=github-readme&utm_id=github-readme-cloudsec-repo
GitHub README Built with Silmari → swe-af-repo,https://agentfield.ai/github/swe-af/,https://agentfield.ai/github/swe-af/?utm_source=github-readme&utm_campaign=github-readme&utm_id=github-readme-swe-af-repo
GitHub README Built with Silmari → deepresearch-repo,https://agentfield.ai/github/deepresearch/,https://agentfield.ai/github/deepresearch/?utm_source=github-readme&utm_campaign=github-readme&utm_id=github-readme-deepresearch-repo
GitHub README Built with Silmari → mongodb-repo,https://agentfield.ai/github/mongodb/,https://agentfield.ai/github/mongodb/?utm_source=github-readme&utm_campaign=github-readme&utm_id=github-readme-mongodb-repo
GitHub README Built with Silmari → sec-af-repo,https://agentfield.ai/github/sec-af/,https://agentfield.ai/github/sec-af/?utm_source=github-readme&utm_campaign=github-readme&utm_id=github-readme-sec-af-repo
GitHub README What You Get → reasoners,https://agentfield.ai/docs/build/building-blocks/reasoners,https://agentfield.ai/docs/build/building-blocks/reasoners?utm_source=github-readme&utm_campaign=github-readme&utm_id=github-readme-reasoners
GitHub README What You Get → structured-ai,https://agentfield.ai/docs/reference/sdks/python,https://agentfield.ai/docs/reference/sdks/python?utm_source=github-readme&utm_campaign=github-readme&utm_id=github-readme-structured-ai
GitHub README What You Get → harness,https://agentfield.ai/docs/build/intelligence/harness,https://agentfield.ai/docs/build/intelligence/harness?utm_source=github-readme&utm_campaign=github-readme&utm_id=github-readme-harness
GitHub README What You Get → cross-agent-calls,https://agentfield.ai/docs/build/coordination/cross-agent-calls,https://agentfield.ai/docs/build/coordination/cross-agent-calls?utm_source=github-readme&utm_campaign=github-readme&utm_id=github-readme-cross-agent-calls
GitHub README What You Get → discovery,https://agentfield.ai/docs/reference/sdks/python,https://agentfield.ai/docs/reference/sdks/python?utm_source=github-readme&utm_campaign=github-readme&utm_id=github-readme-discovery
GitHub README What You Get → memory,https://agentfield.ai/docs/build/coordination/shared-memory,https://agentfield.ai/docs/build/coordination/shared-memory?utm_source=github-readme&utm_campaign=github-readme&utm_id=github-readme-memory
GitHub README What You Get → async-execution,https://agentfield.ai/docs/build/execution/async,https://agentfield.ai/docs/build/execution/async?utm_source=github-readme&utm_campaign=github-readme&utm_id=github-readme-async-execution
GitHub README What You Get → human-in-the-loop,https://agentfield.ai/docs/build/execution/human-in-the-loop,https://agentfield.ai/docs/build/execution/human-in-the-loop?utm_source=github-readme&utm_campaign=github-readme&utm_id=github-readme-human-in-the-loop
GitHub README What You Get → canary-deployments,https://agentfield.ai/docs/learn/features,https://agentfield.ai/docs/learn/features?utm_source=github-readme&utm_campaign=github-readme&utm_id=github-readme-canary-deployments
GitHub README What You Get → observability,https://agentfield.ai/docs/learn/features,https://agentfield.ai/docs/learn/features?utm_source=github-readme&utm_campaign=github-readme&utm_id=github-readme-observability
GitHub README What You Get → crypto-identity,https://agentfield.ai/docs/build/governance/identity,https://agentfield.ai/docs/build/governance/identity?utm_source=github-readme&utm_campaign=github-readme&utm_id=github-readme-crypto-identity
GitHub README What You Get → verifiable-credentials,https://agentfield.ai/docs/build/governance/credentials,https://agentfield.ai/docs/build/governance/credentials?utm_source=github-readme&utm_campaign=github-readme&utm_id=github-readme-verifiable-credentials
GitHub README What You Get → policy-enforcement,https://agentfield.ai/docs/build/governance/policy,https://agentfield.ai/docs/build/governance/policy?utm_source=github-readme&utm_campaign=github-readme&utm_id=github-readme-policy-enforcement
GitHub README Silmari → docs,https://agentfield.ai/docs/learn,https://agentfield.ai/docs/learn?utm_source=github-readme&utm_campaign=github-readme&utm_id=github-readme-docs
GitHub README Silmari → quickstart,https://agentfield.ai/docs/learn/quickstart,https://agentfield.ai/docs/learn/quickstart?utm_source=github-readme&utm_campaign=github-readme&utm_id=github-readme-quickstart
GitHub README Silmari → python-sdk,https://agentfield.ai/docs/reference/sdks/python,https://agentfield.ai/docs/reference/sdks/python?utm_source=github-readme&utm_campaign=github-readme&utm_id=github-readme-python-sdk
GitHub README Silmari → go-sdk,https://agentfield.ai/docs/reference/sdks/go,https://agentfield.ai/docs/reference/sdks/go?utm_source=github-readme&utm_campaign=github-readme&utm_id=github-readme-go-sdk
GitHub README Silmari → typescript-sdk,https://agentfield.ai/docs/reference/sdks/typescript,https://agentfield.ai/docs/reference/sdks/typescript?utm_source=github-readme&utm_campaign=github-readme&utm_id=github-readme-typescript-sdk
GitHub README Silmari → rest-api,https://agentfield.ai/docs/reference/sdks/rest-api,https://agentfield.ai/docs/reference/sdks/rest-api?utm_source=github-readme&utm_campaign=github-readme&utm_id=github-readme-rest-api
GitHub README Silmari → read-full-docs,https://agentfield.ai/docs/learn,https://agentfield.ai/docs/learn?utm_source=github-readme&utm_campaign=github-readme&utm_id=github-readme-read-full-docs
GitHub README Silmari → deploy,https://agentfield.ai/docs/reference/deploy,https://agentfield.ai/docs/reference/deploy?utm_source=github-readme&utm_campaign=github-readme&utm_id=github-readme-deploy
GitHub README Learn More → blog-ai-backend,https://agentfield.ai/blog/ai-backend,https://agentfield.ai/blog/ai-backend?utm_source=github-readme&utm_campaign=github-readme&utm_id=github-readme-blog-ai-backend
GitHub README Learn More → blog-iam,https://agentfield.ai/blog/iam-ai-backends,https://agentfield.ai/blog/iam-ai-backends?utm_source=github-readme&utm_campaign=github-readme&utm_id=github-readme-blog-iam
GitHub README Learn More → blog-what-is-harness-orchestration,https://agentfield.ai/blog/what-is-harness-orchestration,https://agentfield.ai/blog/what-is-harness-orchestration?utm_source=github-readme&utm_campaign=github-readme&utm_id=github-readme-blog-what-is-harness-orchestration
GitHub README Learn More → blog-harness-black-box,https://agentfield.ai/blog/harness-as-black-box,https://agentfield.ai/blog/harness-as-black-box?utm_source=github-readme&utm_campaign=github-readme&utm_id=github-readme-blog-harness-black-box
GitHub README Learn More → blog-harness-membrane,https://agentfield.ai/blog/harness-as-membrane,https://agentfield.ai/blog/harness-as-membrane?utm_source=github-readme&utm_campaign=github-readme&utm_id=github-readme-blog-harness-membrane
GitHub README Learn More → vs-frameworks,https://agentfield.ai/docs/learn/vs-frameworks,https://agentfield.ai/docs/learn/vs-frameworks?utm_source=github-readme&utm_campaign=github-readme&utm_id=github-readme-vs-frameworks
GitHub README Learn More → full-docs,https://agentfield.ai/docs/learn,https://agentfield.ai/docs/learn?utm_source=github-readme&utm_campaign=github-readme&utm_id=github-readme-full-docs
GitHub README How It Scales → deploy-scale,https://agentfield.ai/docs/reference/deploy,https://agentfield.ai/docs/reference/deploy?utm_source=github-readme&utm_campaign=github-readme&utm_id=github-readme-deploy-scale
GitHub README Learn More → blog-fan-out-1000-agents,https://agentfield.ai/blog/fan-out-1000-agents,https://agentfield.ai/blog/fan-out-1000-agents?utm_source=github-readme&utm_campaign=github-readme&utm_id=github-readme-blog-fan-out-1000-agents
GitHub README Learn More → blog-claude-code-as-a-function,https://agentfield.ai/blog/claude-code-as-a-function,https://agentfield.ai/blog/claude-code-as-a-function?utm_source=github-readme&utm_campaign=github-readme&utm_id=github-readme-blog-claude-code-as-a-function
GitHub README comparison table → integrations,https://agentfield.ai/docs/integrations,https://agentfield.ai/docs/integrations?utm_source=github-readme&utm_campaign=github-readme&utm_id=github-readme-integrations
